scenario,value_quantile,value,p_star
conservative,0.100000,112.058000,0.122152
conservative,0.500000,282.880000,0.132930
conservative,0.900000,660.604000,0.136972
base,0.100000,112.058000,0.141076
base,0.500000,282.880000,0.146465
base,0.900000,660.604000,0.148486
aggressive,0.100000,112.058000,0.095538
aggressive,0.500000,282.880000,0.098232
aggressive,0.900000,660.604000,0.099243
illustrative_breakeven,0.100000,112.058000,0.682152
illustrative_breakeven,0.500000,282.880000,0.692930
illustrative_breakeven,0.900000,660.604000,0.696972
