bin,n,mean_predicted,observed_rate,model
0,635,0.144146,0.217323,raw
1,634,0.185649,0.252366,raw
2,635,0.215022,0.266142,raw
3,634,0.246605,0.310726,raw
4,635,0.286070,0.357480,raw
5,635,0.338514,0.422047,raw
6,634,0.408169,0.484227,raw
7,634,0.504899,0.608833,raw
8,635,0.648734,0.733858,raw
9,635,0.851072,0.922835,raw
0,635,0.187192,0.217323,calibrated
1,634,0.240941,0.252366,calibrated
2,635,0.278223,0.266142,calibrated
3,634,0.317570,0.310726,calibrated
4,635,0.365593,0.357480,calibrated
5,635,0.427358,0.422047,calibrated
6,634,0.505643,0.484227,calibrated
7,634,0.607081,0.608833,calibrated
8,635,0.742678,0.733858,calibrated
9,635,0.903582,0.922835,calibrated
