cohort_month,age_month,n_customers,n_active,retention_rate,left_censored
2009-12,0,951,951,1.000000,True
2009-12,1,951,333,0.350158,True
2009-12,2,951,317,0.333333,True
2009-12,3,951,404,0.424816,True
2009-12,4,951,360,0.378549,True
2009-12,5,951,342,0.359621,True
2009-12,6,951,358,0.376446,True
2009-12,7,951,327,0.343849,True
2009-12,8,951,321,0.337539,True
2009-12,9,951,344,0.361725,True
2009-12,10,951,401,0.421661,True
2009-12,11,951,472,0.496320,True
2009-12,12,951,358,0.376446,True
2010-01,0,368,368,1.000000,False
2010-01,1,368,79,0.214674,False
2010-01,2,368,118,0.320652,False
2010-01,3,368,116,0.315217,False
2010-01,4,368,100,0.271739,False
2010-01,5,368,114,0.309783,False
2010-01,6,368,99,0.269022,False
2010-01,7,368,86,0.233696,False
2010-01,8,368,105,0.285326,False
2010-01,9,368,120,0.326087,False
2010-01,10,368,114,0.309783,False
2010-01,11,368,66,0.179348,False
2010-01,12,368,84,0.228261,False
2010-02,0,375,375,1.000000,False
2010-02,1,375,88,0.234667,False
2010-02,2,375,85,0.226667,False
2010-02,3,375,110,0.293333,False
2010-02,4,375,92,0.245333,False
2010-02,5,375,74,0.197333,False
2010-02,6,375,72,0.192000,False
2010-02,7,375,108,0.288000,False
2010-02,8,375,96,0.256000,False
2010-02,9,375,104,0.277333,False
2010-02,10,375,43,0.114667,False
2010-02,11,375,47,0.125333,False
2010-02,12,375,57,0.152000,False
2010-03,0,441,441,1.000000,False
2010-03,1,441,84,0.190476,False
2010-03,2,441,102,0.231293,False
2010-03,3,441,107,0.242630,False
2010-03,4,441,102,0.231293,False
2010-03,5,441,90,0.204082,False
2010-03,6,441,109,0.247166,False
2010-03,7,441,135,0.306122,False
2010-03,8,441,122,0.276644,False
2010-03,9,441,48,0.108844,False
2010-03,10,441,51,0.115646,False
2010-03,11,441,64,0.145125,False
2010-03,12,441,88,0.199546,False
2010-04,0,294,294,1.000000,False
2010-04,1,294,56,0.190476,False
2010-04,2,294,56,0.190476,False
2010-04,3,294,47,0.159864,False
2010-04,4,294,54,0.183673,False
2010-04,5,294,65,0.221088,False
2010-04,6,294,81,0.275510,False
2010-04,7,294,78,0.265306,False
2010-04,8,294,31,0.105442,False
2010-04,9,294,32,0.108844,False
2010-04,10,294,22,0.074830,False
2010-04,11,294,41,0.139456,False
2010-04,12,294,42,0.142857,False
2010-05,0,255,255,1.000000,False
2010-05,1,255,40,0.156863,False
2010-05,2,255,43,0.168627,False
2010-05,3,255,45,0.176471,False
2010-05,4,255,45,0.176471,False
2010-05,5,255,65,0.254902,False
2010-05,6,255,54,0.211765,False
2010-05,7,255,32,0.125490,False
2010-05,8,255,15,0.058824,False
2010-05,9,255,21,0.082353,False
2010-05,10,255,29,0.113725,False
2010-05,11,255,34,0.133333,False
2010-05,12,255,39,0.152941,False
2010-06,0,267,267,1.000000,False
2010-06,1,267,47,0.176030,False
2010-06,2,267,50,0.187266,False
2010-06,3,267,55,0.205993,False
2010-06,4,267,62,0.232210,False
2010-06,5,267,76,0.284644,False
2010-06,6,267,34,0.127341,False
2010-06,7,267,24,0.089888,False
2010-06,8,267,22,0.082397,False
2010-06,9,267,30,0.112360,False
2010-06,10,267,28,0.104869,False
2010-06,11,267,37,0.138577,False
2010-06,12,267,40,0.149813,False
2010-07,0,185,185,1.000000,False
2010-07,1,185,29,0.156757,False
2010-07,2,185,34,0.183784,False
2010-07,3,185,55,0.297297,False
2010-07,4,185,54,0.291892,False
2010-07,5,185,26,0.140541,False
2010-07,6,185,21,0.113514,False
2010-07,7,185,27,0.145946,False
2010-07,8,185,27,0.145946,False
2010-07,9,185,21,0.113514,False
2010-07,10,185,25,0.135135,False
2010-07,11,185,27,0.145946,False
2010-07,12,185,24,0.129730,False
2010-08,0,163,163,1.000000,False
2010-08,1,163,32,0.196319,False
2010-08,2,163,47,0.288344,False
2010-08,3,163,53,0.325153,False
2010-08,4,163,27,0.165644,False
2010-08,5,163,19,0.116564,False
2010-08,6,163,16,0.098160,False
2010-08,7,163,21,0.128834,False
2010-08,8,163,22,0.134969,False
2010-08,9,163,21,0.128834,False
2010-08,10,163,21,0.128834,False
2010-08,11,163,19,0.116564,False
2010-08,12,163,24,0.147239,False
2010-09,0,239,239,1.000000,False
2010-09,1,239,55,0.230126,False
2010-09,2,239,56,0.234310,False
2010-09,3,239,31,0.129707,False
2010-09,4,239,21,0.087866,False
2010-09,5,239,25,0.104603,False
2010-09,6,239,33,0.138075,False
2010-09,7,239,23,0.096234,False
2010-09,8,239,31,0.129707,False
2010-09,9,239,31,0.129707,False
2010-09,10,239,29,0.121339,False
2010-09,11,239,24,0.100418,False
2010-09,12,239,54,0.225941,False
2010-10,0,375,375,1.000000,False
2010-10,1,375,97,0.258667,False
2010-10,2,375,55,0.146667,False
2010-10,3,375,47,0.125333,False
2010-10,4,375,33,0.088000,False
2010-10,5,375,31,0.082667,False
2010-10,6,375,49,0.130667,False
2010-10,7,375,52,0.138667,False
2010-10,8,375,40,0.106667,False
2010-10,9,375,35,0.093333,False
2010-10,10,375,40,0.106667,False
2010-10,11,375,48,0.128000,False
2010-10,12,375,72,0.192000,False
2010-11,0,326,326,1.000000,False
2010-11,1,326,57,0.174847,False
2010-11,2,326,31,0.095092,False
2010-11,3,326,31,0.095092,False
2010-11,4,326,25,0.076687,False
2010-11,5,326,29,0.088957,False
2010-11,6,326,42,0.128834,False
2010-11,7,326,33,0.101227,False
2010-11,8,326,28,0.085890,False
2010-11,9,326,30,0.092025,False
2010-11,10,326,36,0.110429,False
2010-11,11,326,48,0.147239,False
2010-11,12,326,82,0.251534,False
2010-12,0,76,76,1.000000,False
2010-12,1,76,7,0.092105,False
2010-12,2,76,4,0.052632,False
2010-12,3,76,7,0.092105,False
2010-12,4,76,9,0.118421,False
2010-12,5,76,5,0.065789,False
2010-12,6,76,4,0.052632,False
2010-12,7,76,7,0.092105,False
2010-12,8,76,4,0.052632,False
2010-12,9,76,2,0.026316,False
2010-12,10,76,7,0.092105,False
2010-12,11,76,15,0.197368,False
2010-12,12,76,2,0.026316,False
2011-01,0,72,72,1.000000,False
2011-01,1,72,12,0.166667,False
2011-01,2,72,16,0.222222,False
2011-01,3,72,14,0.194444,False
2011-01,4,72,16,0.222222,False
2011-01,5,72,11,0.152778,False
2011-01,6,72,11,0.152778,False
2011-01,7,72,9,0.125000,False
2011-01,8,72,8,0.111111,False
2011-01,9,72,15,0.208333,False
2011-01,10,72,18,0.250000,False
2011-01,11,72,8,0.111111,False
2011-02,0,125,125,1.000000,False
2011-02,1,125,20,0.160000,False
2011-02,2,125,20,0.160000,False
2011-02,3,125,23,0.184000,False
2011-02,4,125,27,0.216000,False
2011-02,5,125,20,0.160000,False
2011-02,6,125,20,0.160000,False
2011-02,7,125,19,0.152000,False
2011-02,8,125,19,0.152000,False
2011-02,9,125,23,0.184000,False
2011-02,10,125,8,0.064000,False
2011-03,0,179,179,1.000000,False
2011-03,1,179,32,0.178771,False
2011-03,2,179,39,0.217877,False
2011-03,3,179,36,0.201117,False
2011-03,4,179,40,0.223464,False
2011-03,5,179,27,0.150838,False
2011-03,6,179,37,0.206704,False
2011-03,7,179,36,0.201117,False
2011-03,8,179,43,0.240223,False
2011-03,9,179,17,0.094972,False
2011-04,0,106,106,1.000000,False
2011-04,1,106,26,0.245283,False
2011-04,2,106,21,0.198113,False
2011-04,3,106,21,0.198113,False
2011-04,4,106,19,0.179245,False
2011-04,5,106,25,0.235849,False
2011-04,6,106,19,0.179245,False
2011-04,7,106,27,0.254717,False
2011-04,8,106,12,0.113208,False
2011-05,0,111,111,1.000000,False
2011-05,1,111,26,0.234234,False
2011-05,2,111,27,0.243243,False
2011-05,3,111,18,0.162162,False
2011-05,4,111,24,0.216216,False
2011-05,5,111,23,0.207207,False
2011-05,6,111,29,0.261261,False
2011-05,7,111,13,0.117117,False
2011-06,0,108,108,1.000000,False
2011-06,1,108,25,0.231481,False
2011-06,2,108,23,0.212963,False
2011-06,3,108,29,0.268519,False
2011-06,4,108,22,0.203704,False
2011-06,5,108,30,0.277778,False
2011-06,6,108,9,0.083333,False
2011-07,0,101,101,1.000000,False
2011-07,1,101,21,0.207921,False
2011-07,2,101,30,0.297030,False
2011-07,3,101,28,0.277228,False
2011-07,4,101,35,0.346535,False
2011-07,5,101,16,0.158416,False
2011-08,0,107,107,1.000000,False
2011-08,1,107,28,0.261682,False
2011-08,2,107,32,0.299065,False
2011-08,3,107,28,0.261682,False
2011-08,4,107,18,0.168224,False
2011-09,0,188,188,1.000000,False
2011-09,1,188,51,0.271277,False
2011-09,2,188,71,0.377660,False
2011-09,3,188,28,0.148936,False
2011-10,0,221,221,1.000000,False
2011-10,1,221,70,0.316742,False
2011-10,2,221,35,0.158371,False
2011-11,0,191,191,1.000000,False
2011-11,1,191,27,0.141361,False
2011-12,0,28,28,1.000000,False
