scenario,lift_structure,value_basis,capacity_fraction,policy,n_runs,capacity_k,target_count,expected_promotion_cost,expected_future_value,simulated_eim,simulated_eim_p5,simulated_eim_p95,eim_per_target,evaluation_split
aggressive,constant,actual_outcome,0.050000,A,1,275.000000,0.000000,0.000000,0.000000,0.000000,0.000000,0.000000,,test
aggressive,constant,actual_outcome,0.050000,B,100,275.000000,275.000000,12973.109958,64728.049788,-11548.636282,-13331.991510,-9614.955883,-41.995041,test
aggressive,constant,actual_outcome,0.050000,C,1,275.000000,275.000000,31835.650402,159040.752009,-31468.871205,-31468.871205,-31468.871205,-114.432259,test
aggressive,constant,actual_outcome,0.050000,D,1,275.000000,0.000000,0.000000,0.000000,0.000000,0.000000,0.000000,,test
aggressive,constant,actual_outcome,0.050000,E,1,275.000000,275.000000,1524.604800,7485.524000,-760.823200,-760.823200,-760.823200,-2.766630,test
aggressive,constant,actual_outcome,0.100000,A,1,551.000000,0.000000,0.000000,0.000000,0.000000,0.000000,0.000000,,test
aggressive,constant,actual_outcome,0.100000,B,100,551.000000,551.000000,25995.848345,129703.741726,-23146.310288,-25376.963367,-21403.010642,-42.007823,test
aggressive,constant,actual_outcome,0.100000,C,1,551.000000,551.000000,57064.447390,285046.736948,-56117.848909,-56117.848909,-56117.848909,-101.847276,test
aggressive,constant,actual_outcome,0.100000,D,1,551.000000,0.000000,0.000000,0.000000,0.000000,0.000000,0.000000,,test
aggressive,constant,actual_outcome,0.100000,E,1,551.000000,551.000000,5193.769100,25693.345500,-3173.163700,-3173.163700,-3173.163700,-5.758918,test
aggressive,constant,actual_outcome,0.200000,A,1,1103.000000,0.000000,0.000000,0.000000,0.000000,0.000000,0.000000,,test
aggressive,constant,actual_outcome,0.200000,B,100,1103.000000,1103.000000,52180.528462,260351.142312,-46468.588969,-49389.035466,-42543.766974,-42.129274,test
aggressive,constant,actual_outcome,0.200000,C,1,1103.000000,1103.000000,95646.462020,477680.810102,-92756.979586,-92756.979586,-92756.979586,-84.095176,test
aggressive,constant,actual_outcome,0.200000,D,1,1103.000000,0.000000,0.000000,0.000000,0.000000,0.000000,0.000000,,test
aggressive,constant,actual_outcome,0.200000,E,1,1103.000000,1103.000000,16517.977833,82038.389167,-11566.662967,-11566.662967,-11566.662967,-10.486548,test
aggressive,constant,model_p,0.050000,A,1,275.000000,0.000000,0.000000,0.000000,0.000000,0.000000,0.000000,,test
aggressive,constant,model_p,0.050000,B,100,275.000000,275.000000,16126.242955,80493.714775,-12696.596374,-14120.781607,-11315.037242,-46.169441,test
aggressive,constant,model_p,0.050000,C,1,275.000000,275.000000,33469.810417,167211.552087,-31623.201435,-31623.201435,-31623.201435,-114.993460,test
aggressive,constant,model_p,0.050000,D,1,275.000000,0.000000,0.000000,0.000000,0.000000,0.000000,0.000000,,test
aggressive,constant,model_p,0.050000,E,1,275.000000,275.000000,2610.527893,12915.139466,-1623.703493,-1623.703493,-1623.703493,-5.904376,test
aggressive,constant,model_p,0.100000,A,1,551.000000,0.000000,0.000000,0.000000,0.000000,0.000000,0.000000,,test
aggressive,constant,model_p,0.100000,B,100,551.000000,551.000000,32279.615349,161122.576746,-25415.470649,-27422.316699,-23519.270007,-46.126081,test
aggressive,constant,model_p,0.100000,C,1,551.000000,551.000000,61134.692900,305397.964499,-56096.463667,-56096.463667,-56096.463667,-101.808464,test
aggressive,constant,model_p,0.100000,D,1,551.000000,0.000000,0.000000,0.000000,0.000000,0.000000,0.000000,,test
aggressive,constant,model_p,0.100000,E,1,551.000000,551.000000,7981.525157,39632.125787,-5135.246477,-5135.246477,-5135.246477,-9.319867,test
aggressive,constant,model_p,0.200000,A,1,1103.000000,0.000000,0.000000,0.000000,0.000000,0.000000,0.000000,,test
aggressive,constant,model_p,0.200000,B,100,1103.000000,1103.000000,64775.741505,323327.207524,-50989.493332,-53301.924340,-48404.486830,-46.228008,test
aggressive,constant,model_p,0.200000,C,1,1103.000000,1103.000000,106856.070808,533728.854038,-93711.987514,-93711.987514,-93711.987514,-84.961004,test
aggressive,constant,model_p,0.200000,D,1,1103.000000,0.000000,0.000000,0.000000,0.000000,0.000000,0.000000,,test
aggressive,constant,model_p,0.200000,E,1,1103.000000,1103.000000,23128.336261,115090.181304,-15390.617314,-15390.617314,-15390.617314,-13.953416,test
aggressive,persuadable,actual_outcome,0.050000,A,1,275.000000,0.000000,0.000000,0.000000,0.000000,0.000000,0.000000,,test
aggressive,persuadable,actual_outcome,0.050000,B,100,275.000000,275.000000,12854.950014,64137.250069,-11666.796226,-13441.424032,-9712.753775,-42.424714,test
aggressive,persuadable,actual_outcome,0.050000,C,1,275.000000,275.000000,31682.247711,158273.738554,-31622.273896,-31622.273896,-31622.273896,-114.990087,test
aggressive,persuadable,actual_outcome,0.050000,D,1,275.000000,0.000000,0.000000,0.000000,0.000000,0.000000,0.000000,,test
aggressive,persuadable,actual_outcome,0.050000,E,1,275.000000,275.000000,1514.495286,7434.976428,-770.932714,-770.932714,-770.932714,-2.803392,test
aggressive,persuadable,actual_outcome,0.100000,A,1,551.000000,0.000000,0.000000,0.000000,0.000000,0.000000,0.000000,,test
aggressive,persuadable,actual_outcome,0.100000,B,100,551.000000,551.000000,25762.525825,128537.129123,-23379.632809,-25565.313460,-21608.073680,-42.431276,test
aggressive,persuadable,actual_outcome,0.100000,C,1,551.000000,551.000000,56722.266835,283335.834176,-56460.029463,-56460.029463,-56460.029463,-102.468293,test
aggressive,persuadable,actual_outcome,0.100000,D,1,551.000000,0.000000,0.000000,0.000000,0.000000,0.000000,0.000000,,test
aggressive,persuadable,actual_outcome,0.100000,E,1,551.000000,551.000000,5181.774418,25633.372089,-3185.158382,-3185.158382,-3185.158382,-5.780687,test
aggressive,persuadable,actual_outcome,0.200000,A,1,1103.000000,0.000000,0.000000,0.000000,0.000000,0.000000,0.000000,,test
aggressive,persuadable,actual_outcome,0.200000,B,100,1103.000000,1103.000000,51709.332214,257995.161068,-46939.785217,-49819.888893,-43070.557207,-42.556469,test
aggressive,persuadable,actual_outcome,0.200000,C,1,1103.000000,1103.000000,94836.171683,473629.358417,-93567.269923,-93567.269923,-93567.269923,-84.829800,test
aggressive,persuadable,actual_outcome,0.200000,D,1,1103.000000,0.000000,0.000000,0.000000,0.000000,0.000000,0.000000,,test
aggressive,persuadable,actual_outcome,0.200000,E,1,1103.000000,1103.000000,16503.171057,81964.355286,-11581.469743,-11581.469743,-11581.469743,-10.499973,test
aggressive,persuadable,model_p,0.050000,A,1,275.000000,0.000000,0.000000,0.000000,0.000000,0.000000,0.000000,,test
aggressive,persuadable,model_p,0.050000,B,100,275.000000,275.000000,15704.361237,78384.306183,-13118.478093,-14624.166836,-11690.678676,-47.703557,test
aggressive,persuadable,model_p,0.050000,C,1,275.000000,275.000000,32903.754098,164381.270488,-32189.257755,-32189.257755,-32189.257755,-117.051846,test
aggressive,persuadable,model_p,0.050000,D,1,275.000000,0.000000,0.000000,0.000000,0.000000,0.000000,0.000000,,test
aggressive,persuadable,model_p,0.050000,E,1,275.000000,275.000000,2597.322111,12849.110554,-1636.909276,-1636.909276,-1636.909276,-5.952397,test
aggressive,persuadable,model_p,0.100000,A,1,551.000000,0.000000,0.000000,0.000000,0.000000,0.000000,0.000000,,test
aggressive,persuadable,model_p,0.100000,B,100,551.000000,551.000000,31437.338112,156911.190558,-26257.747887,-28335.458411,-24314.321029,-47.654715,test
aggressive,persuadable,model_p,0.100000,C,1,551.000000,551.000000,59611.343537,297781.217685,-57619.813030,-57619.813030,-57619.813030,-104.573163,test
aggressive,persuadable,model_p,0.100000,D,1,551.000000,0.000000,0.000000,0.000000,0.000000,0.000000,0.000000,,test
aggressive,persuadable,model_p,0.100000,E,1,551.000000,551.000000,7965.583023,39552.415115,-5151.188612,-5151.188612,-5151.188612,-9.348800,test
aggressive,persuadable,model_p,0.200000,A,1,1103.000000,0.000000,0.000000,0.000000,0.000000,0.000000,0.000000,,test
aggressive,persuadable,model_p,0.200000,B,100,1103.000000,1103.000000,63083.205006,314864.525031,-52682.029830,-55127.147091,-50034.834694,-47.762493,test
aggressive,persuadable,model_p,0.200000,C,1,1103.000000,1103.000000,103202.899053,515462.995263,-97365.159269,-97365.159269,-97365.159269,-88.273037,test
aggressive,persuadable,model_p,0.200000,D,1,1103.000000,0.000000,0.000000,0.000000,0.000000,0.000000,0.000000,,test
aggressive,persuadable,model_p,0.200000,E,1,1103.000000,1103.000000,23107.633388,114986.666941,-15411.320187,-15411.320187,-15411.320187,-13.972185,test
base,constant,actual_outcome,0.050000,A,1,275.000000,0.000000,0.000000,0.000000,0.000000,0.000000,0.000000,,test
base,constant,actual_outcome,0.050000,B,100,275.000000,275.000000,6322.245769,62947.457693,-5610.008931,-6554.339133,-4640.396410,-20.400032,test
base,constant,actual_outcome,0.050000,C,1,275.000000,275.000000,15885.727801,158582.278013,-15702.338203,-15702.338203,-15702.338203,-57.099412,test
base,constant,actual_outcome,0.050000,D,1,275.000000,0.000000,0.000000,0.000000,0.000000,0.000000,0.000000,,test
base,constant,actual_outcome,0.050000,E,1,275.000000,275.000000,680.579700,6530.797000,-298.688900,-298.688900,-298.688900,-1.086141,test
base,constant,actual_outcome,0.100000,A,1,551.000000,0.000000,0.000000,0.000000,0.000000,0.000000,0.000000,,test
base,constant,actual_outcome,0.100000,B,100,551.000000,551.000000,12669.281916,126141.819155,-11244.512887,-12394.063516,-10348.374983,-20.407464,test
base,constant,actual_outcome,0.100000,C,1,551.000000,551.000000,28441.448885,283863.488847,-27968.149644,-27968.149644,-27968.149644,-50.758892,test
base,constant,actual_outcome,0.100000,D,1,551.000000,0.000000,0.000000,0.000000,0.000000,0.000000,0.000000,,test
base,constant,actual_outcome,0.100000,E,1,551.000000,551.000000,2371.858875,23167.588750,-1361.556175,-1361.556175,-1361.556175,-2.471064,test
base,constant,actual_outcome,0.200000,A,1,1103.000000,0.000000,0.000000,0.000000,0.000000,0.000000,0.000000,,test
base,constant,actual_outcome,0.200000,B,100,1103.000000,1103.000000,25431.421794,253211.217945,-22575.452048,-24073.503471,-20594.848892,-20.467318,test
base,constant,actual_outcome,0.200000,C,1,1103.000000,1103.000000,47517.195706,474068.957059,-46072.454489,-46072.454489,-46072.454489,-41.770131,test
base,constant,actual_outcome,0.200000,D,1,1103.000000,0.000000,0.000000,0.000000,0.000000,0.000000,0.000000,,test
base,constant,actual_outcome,0.200000,E,1,1103.000000,1103.000000,7695.224558,75849.245583,-5219.567125,-5219.567125,-5219.567125,-4.732155,test
base,constant,model_p,0.050000,A,1,275.000000,0.000000,0.000000,0.000000,0.000000,0.000000,0.000000,,test
base,constant,model_p,0.050000,B,100,275.000000,275.000000,7673.739883,76462.398828,-5856.619681,-6535.039917,-5211.065788,-21.296799,test
base,constant,model_p,0.050000,C,1,275.000000,275.000000,16693.419760,166659.197601,-15067.752572,-15067.752572,-15067.752572,-54.791828,test
base,constant,model_p,0.050000,D,1,275.000000,0.000000,0.000000,0.000000,0.000000,0.000000,0.000000,,test
base,constant,model_p,0.050000,E,1,275.000000,275.000000,1195.660897,11681.608966,-702.248697,-702.248697,-702.248697,-2.553632,test
base,constant,model_p,0.100000,A,1,551.000000,0.000000,0.000000,0.000000,0.000000,0.000000,0.000000,,test
base,constant,model_p,0.100000,B,100,551.000000,551.000000,15360.628470,153055.284703,-11723.400587,-12654.596990,-10829.477468,-21.276589,test
base,constant,model_p,0.100000,C,1,551.000000,551.000000,30308.526291,302534.262909,-26415.777694,-26415.777694,-26415.777694,-47.941520,test
base,constant,model_p,0.100000,D,1,551.000000,0.000000,0.000000,0.000000,0.000000,0.000000,0.000000,,test
base,constant,model_p,0.100000,E,1,551.000000,551.000000,3662.527744,36074.277437,-2239.388404,-2239.388404,-2239.388404,-4.064226,test
base,constant,model_p,0.200000,A,1,1103.000000,0.000000,0.000000,0.000000,0.000000,0.000000,0.000000,,test
base,constant,model_p,0.200000,B,100,1103.000000,1103.000000,30823.181426,307128.814259,-23516.290559,-24584.296994,-22286.477953,-21.320300,test
base,constant,model_p,0.200000,C,1,1103.000000,1103.000000,52324.524670,522142.246702,-43815.084311,-43815.084311,-43815.084311,-39.723558,test
base,constant,model_p,0.200000,D,1,1103.000000,0.000000,0.000000,0.000000,0.000000,0.000000,0.000000,,test
base,constant,model_p,0.200000,E,1,1103.000000,1103.000000,10652.103262,105418.032621,-6783.243789,-6783.243789,-6783.243789,-6.149813,test
base,persuadable,actual_outcome,0.050000,A,1,275.000000,0.000000,0.000000,0.000000,0.000000,0.000000,0.000000,,test
base,persuadable,actual_outcome,0.050000,B,100,275.000000,275.000000,6292.705783,62652.057834,-5698.628889,-6605.386816,-4715.701748,-20.722287,test
base,persuadable,actual_outcome,0.050000,C,1,275.000000,275.000000,15847.377129,158198.771285,-15817.390221,-15817.390221,-15817.390221,-57.517783,test
base,persuadable,actual_outcome,0.050000,D,1,275.000000,0.000000,0.000000,0.000000,0.000000,0.000000,0.000000,,test
base,persuadable,actual_outcome,0.050000,E,1,275.000000,275.000000,678.052321,6505.523214,-306.271036,-306.271036,-306.271036,-1.113713,test
base,persuadable,actual_outcome,0.100000,A,1,551.000000,0.000000,0.000000,0.000000,0.000000,0.000000,0.000000,,test
base,persuadable,actual_outcome,0.100000,B,100,551.000000,551.000000,12610.951285,125558.512853,-11419.504777,-12542.360970,-10526.121027,-20.725054,test
base,persuadable,actual_outcome,0.100000,C,1,551.000000,551.000000,28355.903746,283008.037461,-28224.785060,-28224.785060,-28224.785060,-51.224655,test
base,persuadable,actual_outcome,0.100000,D,1,551.000000,0.000000,0.000000,0.000000,0.000000,0.000000,0.000000,,test
base,persuadable,actual_outcome,0.100000,E,1,551.000000,551.000000,2368.860204,23137.602045,-1370.552187,-1370.552187,-1370.552187,-2.487391,test
base,persuadable,actual_outcome,0.200000,A,1,1103.000000,0.000000,0.000000,0.000000,0.000000,0.000000,0.000000,,test
base,persuadable,actual_outcome,0.200000,B,100,1103.000000,1103.000000,25313.622732,252033.227323,-22928.849234,-24404.160925,-20975.333637,-20.787715,test
base,persuadable,actual_outcome,0.200000,C,1,1103.000000,1103.000000,47314.623122,472043.231216,-46680.172242,-46680.172242,-46680.172242,-42.321099,test
base,persuadable,actual_outcome,0.200000,D,1,1103.000000,0.000000,0.000000,0.000000,0.000000,0.000000,0.000000,,test
base,persuadable,actual_outcome,0.200000,E,1,1103.000000,1103.000000,7691.522864,75812.228643,-5230.672207,-5230.672207,-5230.672207,-4.742223,test
base,persuadable,model_p,0.050000,A,1,275.000000,0.000000,0.000000,0.000000,0.000000,0.000000,0.000000,,test
base,persuadable,model_p,0.050000,B,100,275.000000,275.000000,7542.695225,75151.952253,-6249.753653,-6999.420354,-5558.676318,-22.726377,test
base,persuadable,model_p,0.050000,C,1,275.000000,275.000000,16376.315006,163488.150059,-16019.066834,-16019.066834,-16019.066834,-58.251152,test
base,persuadable,model_p,0.050000,D,1,275.000000,0.000000,0.000000,0.000000,0.000000,0.000000,0.000000,,test
base,persuadable,model_p,0.050000,E,1,275.000000,275.000000,1192.359451,11648.594510,-712.153034,-712.153034,-712.153034,-2.589647,test
base,persuadable,model_p,0.100000,A,1,551.000000,0.000000,0.000000,0.000000,0.000000,0.000000,0.000000,,test
base,persuadable,model_p,0.100000,B,100,551.000000,551.000000,15098.770278,150436.702776,-12508.975165,-13526.694750,-11537.786104,-22.702314,test
base,persuadable,model_p,0.100000,C,1,551.000000,551.000000,29584.280455,295291.804551,-28588.515202,-28588.515202,-28588.515202,-51.884783,test
base,persuadable,model_p,0.100000,D,1,551.000000,0.000000,0.000000,0.000000,0.000000,0.000000,0.000000,,test
base,persuadable,model_p,0.100000,E,1,551.000000,551.000000,3658.542210,36034.422101,-2251.345005,-2251.345005,-2251.345005,-4.085926,test
base,persuadable,model_p,0.200000,A,1,1103.000000,0.000000,0.000000,0.000000,0.000000,0.000000,0.000000,,test
base,persuadable,model_p,0.200000,B,100,1103.000000,1103.000000,30296.605606,301863.056061,-25096.018018,-26294.046331,-23793.179101,-22.752510,test
base,persuadable,model_p,0.200000,C,1,1103.000000,1103.000000,50926.882053,508165.820533,-48008.012162,-48008.012162,-48008.012162,-43.524943,test
base,persuadable,model_p,0.200000,D,1,1103.000000,0.000000,0.000000,0.000000,0.000000,0.000000,0.000000,,test
base,persuadable,model_p,0.200000,E,1,1103.000000,1103.000000,10646.927544,105366.275439,-6798.770943,-6798.770943,-6798.770943,-6.163890,test
conservative,constant,actual_outcome,0.050000,A,1,275.000000,0.000000,0.000000,0.000000,0.000000,0.000000,0.000000,,test
conservative,constant,actual_outcome,0.050000,B,100,275.000000,275.000000,3121.455122,61879.102437,-2836.560387,-3302.420002,-2352.906273,-10.314765,test
conservative,constant,actual_outcome,0.050000,C,1,275.000000,275.000000,7942.859681,158307.193615,-7869.503841,-7869.503841,-7869.503841,-28.616378,test
conservative,constant,actual_outcome,0.050000,D,1,275.000000,0.000000,0.000000,0.000000,0.000000,0.000000,0.000000,,test
conservative,constant,actual_outcome,0.050000,E,1,275.000000,275.000000,325.398040,5957.960800,-172.641720,-172.641720,-172.641720,-0.627788,test
conservative,constant,actual_outcome,0.100000,A,1,551.000000,0.000000,0.000000,0.000000,0.000000,0.000000,0.000000,,test
conservative,constant,actual_outcome,0.100000,B,100,551.000000,551.000000,6255.333281,124004.665612,-5685.425669,-6258.594203,-5239.277519,-10.318377,test
conservative,constant,actual_outcome,0.100000,C,1,551.000000,551.000000,14212.776999,283153.539986,-14023.457303,-14023.457303,-14023.457303,-25.450921,test
conservative,constant,actual_outcome,0.100000,D,1,551.000000,0.000000,0.000000,0.000000,0.000000,0.000000,0.000000,,test
conservative,constant,actual_outcome,0.100000,E,1,551.000000,551.000000,1137.706735,21652.134700,-733.585655,-733.585655,-733.585655,-1.331371,test
conservative,constant,actual_outcome,0.200000,A,1,1103.000000,0.000000,0.000000,0.000000,0.000000,0.000000,0.000000,,test
conservative,constant,actual_outcome,0.200000,B,100,1103.000000,1103.000000,12556.663166,248927.263324,-11414.275267,-12161.073481,-10425.792906,-10.348391,test
conservative,constant,actual_outcome,0.200000,C,1,1103.000000,1103.000000,23705.392262,471901.845233,-23127.495775,-23127.495775,-23127.495775,-20.967811,test
conservative,constant,actual_outcome,0.200000,D,1,1103.000000,0.000000,0.000000,0.000000,0.000000,0.000000,0.000000,,test
conservative,constant,actual_outcome,0.200000,E,1,1103.000000,1103.000000,3717.087972,72135.759433,-2726.824998,-2726.824998,-2726.824998,-2.472189,test
conservative,constant,model_p,0.050000,A,1,275.000000,0.000000,0.000000,0.000000,0.000000,0.000000,0.000000,,test
conservative,constant,model_p,0.050000,B,100,275.000000,275.000000,3718.014016,73810.280330,-2961.741214,-3302.018875,-2638.944941,-10.769968,test
conservative,constant,model_p,0.050000,C,1,275.000000,275.000000,8287.657719,165203.154373,-7244.407822,-7244.407822,-7244.407822,-26.343301,test
conservative,constant,model_p,0.050000,D,1,275.000000,0.000000,0.000000,0.000000,0.000000,0.000000,0.000000,,test
conservative,constant,model_p,0.050000,E,1,275.000000,275.000000,574.574533,10941.490666,-377.209653,-377.209653,-377.209653,-1.371671,test
conservative,constant,model_p,0.100000,A,1,551.000000,0.000000,0.000000,0.000000,0.000000,0.000000,0.000000,,test
conservative,constant,model_p,0.100000,B,100,551.000000,551.000000,7442.738385,147752.767709,-5926.517300,-6384.970749,-5486.250236,-10.755930,test
conservative,constant,model_p,0.100000,C,1,551.000000,551.000000,14959.588392,298089.767836,-12844.637824,-12844.637824,-12844.637824,-23.311502,test
conservative,constant,model_p,0.100000,D,1,551.000000,0.000000,0.000000,0.000000,0.000000,0.000000,0.000000,,test
conservative,constant,model_p,0.100000,E,1,551.000000,551.000000,1752.078421,33939.568427,-1182.822685,-1182.822685,-1182.822685,-2.146684,test
conservative,constant,model_p,0.200000,A,1,1103.000000,0.000000,0.000000,0.000000,0.000000,0.000000,0.000000,,test
conservative,constant,model_p,0.200000,B,100,1103.000000,1103.000000,14933.856556,296471.131113,-11890.038947,-12434.533150,-11290.695659,-10.779727,test
conservative,constant,model_p,0.200000,C,1,1103.000000,1103.000000,25654.415047,510882.300933,-21648.952995,-21648.952995,-21648.952995,-19.627337,test
conservative,constant,model_p,0.200000,D,1,1103.000000,0.000000,0.000000,0.000000,0.000000,0.000000,0.000000,,test
conservative,constant,model_p,0.200000,E,1,1103.000000,1103.000000,5091.037171,99614.743411,-3543.493381,-3543.493381,-3543.493381,-3.212596,test
conservative,persuadable,actual_outcome,0.050000,A,1,275.000000,0.000000,0.000000,0.000000,0.000000,0.000000,0.000000,,test
conservative,persuadable,actual_outcome,0.050000,B,100,275.000000,275.000000,3115.547125,61760.942493,-2877.916367,-3329.350928,-2387.043388,-10.465150,test
conservative,persuadable,actual_outcome,0.050000,C,1,275.000000,275.000000,7935.189546,158153.790924,-7923.194783,-7923.194783,-7923.194783,-28.811617,test
conservative,persuadable,actual_outcome,0.050000,D,1,275.000000,0.000000,0.000000,0.000000,0.000000,0.000000,0.000000,,test
conservative,persuadable,actual_outcome,0.050000,E,1,275.000000,275.000000,324.892564,5947.851286,-176.180050,-176.180050,-176.180050,-0.640655,test
conservative,persuadable,actual_outcome,0.100000,A,1,551.000000,0.000000,0.000000,0.000000,0.000000,0.000000,0.000000,,test
conservative,persuadable,actual_outcome,0.100000,B,100,551.000000,551.000000,6243.667155,123771.343091,-5767.088551,-6325.515061,-5321.157095,-10.466585,test
conservative,persuadable,actual_outcome,0.100000,C,1,551.000000,551.000000,14195.667972,282811.359432,-14143.220497,-14143.220497,-14143.220497,-25.668277,test
conservative,persuadable,actual_outcome,0.100000,D,1,551.000000,0.000000,0.000000,0.000000,0.000000,0.000000,0.000000,,test
conservative,persuadable,actual_outcome,0.100000,E,1,551.000000,551.000000,1137.107001,21640.140018,-737.783794,-737.783794,-737.783794,-1.338991,test
conservative,persuadable,actual_outcome,0.200000,A,1,1103.000000,0.000000,0.000000,0.000000,0.000000,0.000000,0.000000,,test
conservative,persuadable,actual_outcome,0.200000,B,100,1103.000000,1103.000000,12533.103354,248456.067075,-11579.193955,-12313.323814,-10603.352453,-10.497909,test
conservative,persuadable,actual_outcome,0.200000,C,1,1103.000000,1103.000000,23664.877745,471091.554896,-23411.097393,-23411.097393,-23411.097393,-21.224930,test
conservative,persuadable,actual_outcome,0.200000,D,1,1103.000000,0.000000,0.000000,0.000000,0.000000,0.000000,0.000000,,test
conservative,persuadable,actual_outcome,0.200000,E,1,1103.000000,1103.000000,3716.347633,72120.952657,-2732.007370,-2732.007370,-2732.007370,-2.476888,test
conservative,persuadable,model_p,0.050000,A,1,275.000000,0.000000,0.000000,0.000000,0.000000,0.000000,0.000000,,test
conservative,persuadable,model_p,0.050000,B,100,275.000000,275.000000,3688.126995,73212.539895,-3170.950366,-3546.101483,-2824.314278,-11.530729,test
conservative,persuadable,model_p,0.050000,C,1,275.000000,275.000000,8175.113890,162952.277802,-8032.214621,-8032.214621,-8032.214621,-29.208053,test
conservative,persuadable,model_p,0.050000,D,1,275.000000,0.000000,0.000000,0.000000,0.000000,0.000000,0.000000,,test
conservative,persuadable,model_p,0.050000,E,1,275.000000,275.000000,573.914244,10928.284884,-381.831677,-381.831677,-381.831677,-1.388479,test
conservative,persuadable,model_p,0.100000,A,1,551.000000,0.000000,0.000000,0.000000,0.000000,0.000000,0.000000,,test
conservative,persuadable,model_p,0.100000,B,100,551.000000,551.000000,7382.700505,146552.010108,-6346.782460,-6860.046805,-5861.135493,-11.518661,test
conservative,persuadable,model_p,0.100000,C,1,551.000000,551.000000,14745.007834,293798.156671,-14346.701732,-14346.701732,-14346.701732,-26.037571,test
conservative,persuadable,model_p,0.100000,D,1,551.000000,0.000000,0.000000,0.000000,0.000000,0.000000,0.000000,,test
conservative,persuadable,model_p,0.100000,E,1,551.000000,551.000000,1751.281315,33923.626293,-1188.402432,-1188.402432,-1188.402432,-2.156810,test
conservative,persuadable,model_p,0.200000,A,1,1103.000000,0.000000,0.000000,0.000000,0.000000,0.000000,0.000000,,test
conservative,persuadable,model_p,0.200000,B,100,1103.000000,1103.000000,14813.408734,294062.174679,-12733.173699,-13336.586566,-12079.678375,-11.544128,test
conservative,persuadable,model_p,0.200000,C,1,1103.000000,1103.000000,25299.675785,503787.515696,-24132.127828,-24132.127828,-24132.127828,-21.878629,test
conservative,persuadable,model_p,0.200000,D,1,1103.000000,0.000000,0.000000,0.000000,0.000000,0.000000,0.000000,,test
conservative,persuadable,model_p,0.200000,E,1,1103.000000,1103.000000,5090.002027,99594.040538,-3550.739387,-3550.739387,-3550.739387,-3.219165,test
illustrative_breakeven,constant,actual_outcome,0.050000,A,1,275.000000,0.000000,0.000000,0.000000,0.000000,0.000000,0.000000,,test
illustrative_breakeven,constant,actual_outcome,0.050000,B,100,275.000000,275.000000,3263.902489,64728.049788,-1839.428814,-2472.799036,-1210.865943,-6.688832,test
illustrative_breakeven,constant,actual_outcome,0.050000,C,1,275.000000,275.000000,7979.537600,159040.752009,-7612.758404,-7612.758404,-7612.758404,-27.682758,test
illustrative_breakeven,constant,actual_outcome,0.050000,D,1,275.000000,275.000000,3965.150150,78753.003000,755.983050,755.983050,755.983050,2.749029,test
illustrative_breakeven,constant,actual_outcome,0.050000,E,1,275.000000,275.000000,401.776200,7485.524000,362.005400,362.005400,362.005400,1.316383,test
illustrative_breakeven,constant,actual_outcome,0.100000,A,1,551.000000,0.000000,0.000000,0.000000,0.000000,0.000000,0.000000,,test
illustrative_breakeven,constant,actual_outcome,0.100000,B,100,551.000000,551.000000,6540.287086,129703.741726,-3690.749029,-4346.829989,-3050.379139,-6.698274,test
illustrative_breakeven,constant,actual_outcome,0.100000,C,1,551.000000,551.000000,14307.436847,285046.736948,-13360.838366,-13360.838366,-13360.838366,-24.248345,test
illustrative_breakeven,constant,actual_outcome,0.100000,D,1,551.000000,551.000000,6500.658750,128911.175000,276.362450,276.362450,276.362450,0.501565,test
illustrative_breakeven,constant,actual_outcome,0.100000,E,1,551.000000,551.000000,1339.767275,25693.345500,680.838125,680.838125,680.838125,1.235641,test
illustrative_breakeven,constant,actual_outcome,0.200000,A,1,1103.000000,0.000000,0.000000,0.000000,0.000000,0.000000,0.000000,,test
illustrative_breakeven,constant,actual_outcome,0.200000,B,100,1103.000000,1103.000000,13127.857116,260351.142312,-7415.917622,-8281.368443,-6334.888045,-6.723407,test
illustrative_breakeven,constant,actual_outcome,0.200000,C,1,1103.000000,1103.000000,23994.340505,477680.810102,-21104.858071,-21104.858071,-21104.858071,-19.134051,test
illustrative_breakeven,constant,actual_outcome,0.200000,D,1,1103.000000,1103.000000,10505.171250,207897.425000,52.665950,52.665950,52.665950,0.047748,test
illustrative_breakeven,constant,actual_outcome,0.200000,E,1,1103.000000,1103.000000,4212.219458,82038.389167,739.095408,739.095408,739.095408,0.670077,test
illustrative_breakeven,constant,model_p,0.050000,A,1,275.000000,0.000000,0.000000,0.000000,0.000000,0.000000,0.000000,,test
illustrative_breakeven,constant,model_p,0.050000,B,100,275.000000,275.000000,4052.185739,80493.714775,-622.539158,-882.853734,-386.098176,-2.263779,test
illustrative_breakeven,constant,model_p,0.050000,C,1,275.000000,275.000000,8388.077604,167211.552087,-6541.468622,-6541.468622,-6541.468622,-23.787159,test
illustrative_breakeven,constant,model_p,0.050000,D,1,275.000000,275.000000,6298.499283,125419.985651,1100.640717,1100.640717,1100.640717,4.002330,test
illustrative_breakeven,constant,model_p,0.050000,E,1,275.000000,275.000000,673.256973,12915.139466,313.567427,313.567427,313.567427,1.140245,test
illustrative_breakeven,constant,model_p,0.100000,A,1,551.000000,0.000000,0.000000,0.000000,0.000000,0.000000,0.000000,,test
illustrative_breakeven,constant,model_p,0.100000,B,100,551.000000,551.000000,8111.228837,161122.576746,-1247.084137,-1641.010956,-915.521764,-2.263311,test
illustrative_breakeven,constant,model_p,0.100000,C,1,551.000000,551.000000,15324.998225,305397.964499,-10286.768992,-10286.768992,-10286.768992,-18.669272,test
illustrative_breakeven,constant,model_p,0.100000,D,1,551.000000,551.000000,9446.299800,187823.996006,1809.466280,1809.466280,1809.466280,3.283968,test
illustrative_breakeven,constant,model_p,0.100000,E,1,551.000000,551.000000,2036.706289,39632.125787,809.572391,809.572391,809.572391,1.469278,test
illustrative_breakeven,constant,model_p,0.200000,A,1,1103.000000,0.000000,0.000000,0.000000,0.000000,0.000000,0.000000,,test
illustrative_breakeven,constant,model_p,0.200000,B,100,1103.000000,1103.000000,16276.660376,323327.207524,-2490.412203,-2928.675171,-2107.145370,-2.257853,test
illustrative_breakeven,constant,model_p,0.200000,C,1,1103.000000,1103.000000,26796.742702,533728.854038,-13652.659408,-13652.659408,-13652.659408,-12.377751,test
illustrative_breakeven,constant,model_p,0.200000,D,1,1103.000000,1103.000000,14982.085019,297435.700376,2835.865461,2835.865461,2835.865461,2.571048,test
illustrative_breakeven,constant,model_p,0.200000,E,1,1103.000000,1103.000000,5864.809065,115090.181304,1872.909881,1872.909881,1872.909881,1.698014,test
illustrative_breakeven,persuadable,actual_outcome,0.050000,A,1,275.000000,0.000000,0.000000,0.000000,0.000000,0.000000,0.000000,,test
illustrative_breakeven,persuadable,actual_outcome,0.050000,B,100,275.000000,275.000000,3234.362503,64137.250069,-2046.208715,-2658.829635,-1465.953506,-7.440759,test
illustrative_breakeven,persuadable,actual_outcome,0.050000,C,1,275.000000,275.000000,7941.186928,158273.738554,-7881.213113,-7881.213113,-7881.213113,-28.658957,test
illustrative_breakeven,persuadable,actual_outcome,0.050000,D,1,275.000000,275.000000,3215.936610,63768.732197,176.648269,176.648269,176.648269,0.642357,test
illustrative_breakeven,persuadable,actual_outcome,0.050000,E,1,275.000000,275.000000,399.248821,7434.976428,344.313750,344.313750,344.313750,1.252050,test
illustrative_breakeven,persuadable,actual_outcome,0.100000,A,1,551.000000,0.000000,0.000000,0.000000,0.000000,0.000000,0.000000,,test
illustrative_breakeven,persuadable,actual_outcome,0.100000,B,100,551.000000,551.000000,6481.956456,128537.129123,-4099.063440,-4749.829164,-3495.075819,-7.439317,test
illustrative_breakeven,persuadable,actual_outcome,0.100000,C,1,551.000000,551.000000,14221.891709,283335.834176,-13959.654337,-13959.654337,-13959.654337,-25.335126,test
illustrative_breakeven,persuadable,actual_outcome,0.100000,D,1,551.000000,551.000000,5364.174197,106181.483939,169.458579,169.458579,169.458579,0.307547,test
illustrative_breakeven,persuadable,actual_outcome,0.100000,E,1,551.000000,551.000000,1336.768604,25633.372089,659.847431,659.847431,659.847431,1.197545,test
illustrative_breakeven,persuadable,actual_outcome,0.200000,A,1,1103.000000,0.000000,0.000000,0.000000,0.000000,0.000000,0.000000,,test
illustrative_breakeven,persuadable,actual_outcome,0.200000,B,100,1103.000000,1103.000000,13010.058053,257995.161068,-8240.511057,-9084.441639,-7213.356913,-7.470998,test
illustrative_breakeven,persuadable,actual_outcome,0.200000,C,1,1103.000000,1103.000000,23791.767921,473629.358417,-22522.866161,-22522.866161,-22522.866161,-20.419643,test
illustrative_breakeven,persuadable,actual_outcome,0.200000,D,1,1103.000000,1103.000000,8319.579317,164185.586336,869.806418,869.806418,869.806418,0.788582,test
illustrative_breakeven,persuadable,actual_outcome,0.200000,E,1,1103.000000,1103.000000,4208.517764,81964.355286,713.183550,713.183550,713.183550,0.646585,test
illustrative_breakeven,persuadable,model_p,0.050000,A,1,275.000000,0.000000,0.000000,0.000000,0.000000,0.000000,0.000000,,test
illustrative_breakeven,persuadable,model_p,0.050000,B,100,275.000000,275.000000,3946.715309,78384.306183,-1360.832165,-1691.645092,-1054.046640,-4.948481,test
illustrative_breakeven,persuadable,model_p,0.050000,C,1,275.000000,275.000000,8246.563524,164381.270488,-7532.067181,-7532.067181,-7532.067181,-27.389335,test
illustrative_breakeven,persuadable,model_p,0.050000,D,1,275.000000,275.000000,4605.537908,91560.758154,968.113682,968.113682,968.113682,3.520413,test
illustrative_breakeven,persuadable,model_p,0.050000,E,1,275.000000,275.000000,669.955528,12849.110554,290.457307,290.457307,290.457307,1.056208,test
illustrative_breakeven,persuadable,model_p,0.100000,A,1,551.000000,0.000000,0.000000,0.000000,0.000000,0.000000,0.000000,,test
illustrative_breakeven,persuadable,model_p,0.100000,B,100,551.000000,551.000000,7900.659528,156911.190558,-2721.069303,-3195.956682,-2295.712059,-4.938420,test
illustrative_breakeven,persuadable,model_p,0.100000,C,1,551.000000,551.000000,14944.160884,297781.217685,-12952.630377,-12952.630377,-12952.630377,-23.507496,test
illustrative_breakeven,persuadable,model_p,0.100000,D,1,551.000000,551.000000,7560.636125,150110.722493,1613.532822,1613.532822,1613.532822,2.928372,test
illustrative_breakeven,persuadable,model_p,0.100000,E,1,551.000000,551.000000,2032.720756,39552.415115,781.673655,781.673655,781.673655,1.418645,test
illustrative_breakeven,persuadable,model_p,0.200000,A,1,1103.000000,0.000000,0.000000,0.000000,0.000000,0.000000,0.000000,,test
illustrative_breakeven,persuadable,model_p,0.200000,B,100,1103.000000,1103.000000,15853.526252,314864.525031,-5452.351076,-6041.977874,-4916.057390,-4.943201,test
illustrative_breakeven,persuadable,model_p,0.200000,C,1,1103.000000,1103.000000,25883.449763,515462.995263,-20045.709980,-20045.709980,-20045.709980,-18.173808,test
illustrative_breakeven,persuadable,model_p,0.200000,D,1,1103.000000,1103.000000,12230.963247,242413.264941,2507.513189,2507.513189,2507.513189,2.273357,test
illustrative_breakeven,persuadable,model_p,0.200000,E,1,1103.000000,1103.000000,5859.633347,114986.666941,1836.679854,1836.679854,1836.679854,1.665168,test
