split,customer_segment,customers,repeat_rate,median_monetary,median_aov,median_recency
test,Developing,1258,0.662957,570.535000,261.328571,37.913542
test,Dormant,2033,0.403345,263.660000,213.950000,112.440972
test,High-value active,1204,0.843854,1605.030000,382.147083,13.240972
test,High-value at risk,464,0.659483,1061.390000,547.017500,85.520486
test,Low-value active,575,0.424348,187.020000,187.020000,33.502778
train,Developing,5835,0.537275,581.870000,274.390000,36.487500
train,Dormant,7620,0.344357,269.920000,208.280000,108.433333
train,High-value active,5608,0.761234,1612.555000,383.005714,13.507292
train,High-value at risk,1975,0.528608,1075.590000,545.250000,86.298611
train,Low-value active,2949,0.292302,204.050000,204.050000,30.422917
validation,Developing,1156,0.579585,605.680000,281.935917,37.453819
validation,Dormant,2595,0.272062,285.280000,214.690000,140.570139
validation,High-value active,1187,0.799495,1668.410000,382.775000,13.585417
validation,High-value at risk,782,0.482097,1092.320000,477.315000,111.355903
validation,Low-value active,626,0.322684,206.130000,206.130000,29.518056
