scenario,lift_structure,value_basis,capacity_fraction,policy,n_runs,capacity_k,target_count,expected_promotion_cost,expected_future_value,simulated_eim,simulated_eim_p5,simulated_eim_p95,eim_per_target,p_shift,evaluation_split
base,constant,actual_outcome,0.050000,A,1,275.000000,0.000000,0.000000,0.000000,0.000000,0.000000,0.000000,,-0.117615,test
base,constant,actual_outcome,0.050000,B,20,275.000000,275.000000,6413.039697,63855.396967,-5712.873162,-6461.129386,-4625.820721,-20.774084,-0.117615,test
base,constant,actual_outcome,0.050000,C,1,275.000000,275.000000,15885.727801,158582.278013,-15702.338203,-15702.338203,-15702.338203,-57.099412,-0.117615,test
base,constant,actual_outcome,0.050000,D,1,275.000000,0.000000,0.000000,0.000000,0.000000,0.000000,0.000000,,-0.117615,test
base,constant,actual_outcome,0.050000,E,1,275.000000,275.000000,680.579700,6530.797000,-298.688900,-298.688900,-298.688900,-1.086141,-0.117615,test
base,constant,actual_outcome,0.100000,A,1,551.000000,0.000000,0.000000,0.000000,0.000000,0.000000,0.000000,,-0.117615,test
base,constant,actual_outcome,0.100000,B,20,551.000000,551.000000,12478.205450,124231.054503,-11043.962691,-11992.332713,-9795.456339,-20.043489,-0.117615,test
base,constant,actual_outcome,0.100000,C,1,551.000000,551.000000,28441.448885,283863.488847,-27968.149644,-27968.149644,-27968.149644,-50.758892,-0.117615,test
base,constant,actual_outcome,0.100000,D,1,551.000000,0.000000,0.000000,0.000000,0.000000,0.000000,0.000000,,-0.117615,test
base,constant,actual_outcome,0.100000,E,1,551.000000,551.000000,2371.858875,23167.588750,-1361.556175,-1361.556175,-1361.556175,-2.471064,-0.117615,test
base,constant,actual_outcome,0.200000,A,1,1103.000000,0.000000,0.000000,0.000000,0.000000,0.000000,0.000000,,-0.117615,test
base,constant,actual_outcome,0.200000,B,20,1103.000000,1103.000000,25463.799298,253534.992984,-22580.010046,-23351.033915,-21891.991584,-20.471451,-0.117615,test
base,constant,actual_outcome,0.200000,C,1,1103.000000,1103.000000,47517.195706,474068.957059,-46072.454489,-46072.454489,-46072.454489,-41.770131,-0.117615,test
base,constant,actual_outcome,0.200000,D,1,1103.000000,0.000000,0.000000,0.000000,0.000000,0.000000,0.000000,,-0.117615,test
base,constant,actual_outcome,0.200000,E,1,1103.000000,1103.000000,7695.224558,75849.245583,-5219.567125,-5219.567125,-5219.567125,-4.732155,-0.117615,test
base,constant,actual_outcome,0.050000,A,1,275.000000,0.000000,0.000000,0.000000,0.000000,0.000000,0.000000,,0.000000,test
base,constant,actual_outcome,0.050000,B,20,275.000000,275.000000,6413.039697,63855.396967,-5712.873162,-6461.129386,-4625.820721,-20.774084,0.000000,test
base,constant,actual_outcome,0.050000,C,1,275.000000,275.000000,15885.727801,158582.278013,-15702.338203,-15702.338203,-15702.338203,-57.099412,0.000000,test
base,constant,actual_outcome,0.050000,D,1,275.000000,0.000000,0.000000,0.000000,0.000000,0.000000,0.000000,,0.000000,test
base,constant,actual_outcome,0.050000,E,1,275.000000,275.000000,680.579700,6530.797000,-298.688900,-298.688900,-298.688900,-1.086141,0.000000,test
base,constant,actual_outcome,0.100000,A,1,551.000000,0.000000,0.000000,0.000000,0.000000,0.000000,0.000000,,0.000000,test
base,constant,actual_outcome,0.100000,B,20,551.000000,551.000000,12478.205450,124231.054503,-11043.962691,-11992.332713,-9795.456339,-20.043489,0.000000,test
base,constant,actual_outcome,0.100000,C,1,551.000000,551.000000,28441.448885,283863.488847,-27968.149644,-27968.149644,-27968.149644,-50.758892,0.000000,test
base,constant,actual_outcome,0.100000,D,1,551.000000,0.000000,0.000000,0.000000,0.000000,0.000000,0.000000,,0.000000,test
base,constant,actual_outcome,0.100000,E,1,551.000000,551.000000,2371.858875,23167.588750,-1361.556175,-1361.556175,-1361.556175,-2.471064,0.000000,test
base,constant,actual_outcome,0.200000,A,1,1103.000000,0.000000,0.000000,0.000000,0.000000,0.000000,0.000000,,0.000000,test
base,constant,actual_outcome,0.200000,B,20,1103.000000,1103.000000,25463.799298,253534.992984,-22580.010046,-23351.033915,-21891.991584,-20.471451,0.000000,test
base,constant,actual_outcome,0.200000,C,1,1103.000000,1103.000000,47517.195706,474068.957059,-46072.454489,-46072.454489,-46072.454489,-41.770131,0.000000,test
base,constant,actual_outcome,0.200000,D,1,1103.000000,0.000000,0.000000,0.000000,0.000000,0.000000,0.000000,,0.000000,test
base,constant,actual_outcome,0.200000,E,1,1103.000000,1103.000000,7695.224558,75849.245583,-5219.567125,-5219.567125,-5219.567125,-4.732155,0.000000,test
base,constant,actual_outcome,0.050000,A,1,275.000000,0.000000,0.000000,0.000000,0.000000,0.000000,0.000000,,0.117615,test
base,constant,actual_outcome,0.050000,B,20,275.000000,275.000000,6413.039697,63855.396967,-5712.873162,-6461.129386,-4625.820721,-20.774084,0.117615,test
base,constant,actual_outcome,0.050000,C,1,275.000000,275.000000,15885.727801,158582.278013,-15702.338203,-15702.338203,-15702.338203,-57.099412,0.117615,test
base,constant,actual_outcome,0.050000,D,1,275.000000,0.000000,0.000000,0.000000,0.000000,0.000000,0.000000,,0.117615,test
base,constant,actual_outcome,0.050000,E,1,275.000000,275.000000,680.579700,6530.797000,-298.688900,-298.688900,-298.688900,-1.086141,0.117615,test
base,constant,actual_outcome,0.100000,A,1,551.000000,0.000000,0.000000,0.000000,0.000000,0.000000,0.000000,,0.117615,test
base,constant,actual_outcome,0.100000,B,20,551.000000,551.000000,12478.205450,124231.054503,-11043.962691,-11992.332713,-9795.456339,-20.043489,0.117615,test
base,constant,actual_outcome,0.100000,C,1,551.000000,551.000000,28441.448885,283863.488847,-27968.149644,-27968.149644,-27968.149644,-50.758892,0.117615,test
base,constant,actual_outcome,0.100000,D,1,551.000000,0.000000,0.000000,0.000000,0.000000,0.000000,0.000000,,0.117615,test
base,constant,actual_outcome,0.100000,E,1,551.000000,551.000000,2371.858875,23167.588750,-1361.556175,-1361.556175,-1361.556175,-2.471064,0.117615,test
base,constant,actual_outcome,0.200000,A,1,1103.000000,0.000000,0.000000,0.000000,0.000000,0.000000,0.000000,,0.117615,test
base,constant,actual_outcome,0.200000,B,20,1103.000000,1103.000000,25463.799298,253534.992984,-22580.010046,-23351.033915,-21891.991584,-20.471451,0.117615,test
base,constant,actual_outcome,0.200000,C,1,1103.000000,1103.000000,47517.195706,474068.957059,-46072.454489,-46072.454489,-46072.454489,-41.770131,0.117615,test
base,constant,actual_outcome,0.200000,D,1,1103.000000,0.000000,0.000000,0.000000,0.000000,0.000000,0.000000,,0.117615,test
base,constant,actual_outcome,0.200000,E,1,1103.000000,1103.000000,7695.224558,75849.245583,-5219.567125,-5219.567125,-5219.567125,-4.732155,0.117615,test
