decision_date,split,eligible,prevalence,median_aov
2010-06-01,train,2652,0.500377,288.970000
2010-07-01,train,2737,0.509317,286.070000
2010-08-01,train,2813,0.570210,279.250000
2010-09-01,train,2822,0.620128,279.896111
2010-10-01,train,2899,0.579510,283.450000
2010-11-01,train,3196,0.493429,290.835000
2010-12-01,train,3465,0.380375,291.340000
2011-01-01,train,3403,0.377314,287.250000
2011-02-01,purged,3348,0.396655,291.502500
2011-03-01,purged,3338,0.423607,292.565000
2011-04-01,validation,3299,0.438921,289.283333
2011-05-01,validation,3047,0.477847,276.325000
2011-06-01,purged,2658,0.499624,279.614167
2011-07-01,purged,2722,0.516165,281.666667
2011-08-01,test,2766,0.556761,280.516667
2011-09-01,test,2768,0.606936,283.242292
